Tag,SAP Tag,SAP Description,P&ID TAG,P&ID Number,Datasheet Tag,Tier,LOD,Inst Type,Manufacturer,Model number,ManufSerialNo.
P7706A,P7706A,P7706A M7706A FEED PUMP,P7706A,M7706 Pump Skid ELD,P7706A,1,LOD300,PUMP,SPECK PUMPEN,PY-2273-XX,PY-2273-XX
LSL770601A,LSL770601A,LSL770601A EMPTY SWITCH ON P7706A,LAL770601A,M7706 Pump Skid ELD,LAL770601A,1,LOD300,SWITCH,SONOCONTROL,SONOCONTROL 15,SONOCONTROL 15
PX770602A,PX770602A,PX770602A PRESS XTR ON P7706A SUCTION,PI770602A,M7706 Pump Skid ELD,PX770602A,2,LOD300,PRESS TRANSMITTER,UNKNOWN,Unknown,Unknown
PX770604A,PX770604A,PX770604A PRESS XTR ON P7706A DISCHARGE,PI770604A,M7706 Pump Skid ELD,PX770604A,2,LOD300,PRESS TRANSMITTER,WIKA,IS-21 / IS-3,IS-21 / IS-3
HE7706A,HE7706A,HE7706A M7706A HEAT EXCHANGER,HE7706A,M7706 Pump Skid ELD,HE7706A,1,LOD300,HEAT EXCHANGER,EXERGY,35 Series Sanitary,35 Series Sanitary 01095-16
TX770607A,TX770607A,TX770607A TEMP XTR ON M7706A RECYCLE,TX770607A,M7706 Pump Skid ELD,TX770607A,2,LOD300,TEMP TRANSMITTER,WIKA,TR21-B-BTB,TR21-B-BTB
TCV770605A,TCV770605A,TCV770605A TEMP CTRL VLV ON HE7706A,TCV770605A,M7706 Pump Skid ELD,TCV770605A,2,LOD300,CONTROL VALVE,EQUILIBAR,EB1HF2,EB1HF2
FX770609A,FX770609A,FX770609A FLOW XTR ON P7706A FEED 1,FX770609A,M7706 Pump Skid ELD,FX770609A,1,LOD300,FLOW TRANSMITTER,ENDRESS + HAUSER,83A02-DSVWACDAACA2,83A02-DSVWACDAACA2+Z1
FCV770610A,FCV770610A,FCV770610A CTRL VLV ON P7706A FEED 1,FCV770610A,M7706 Pump Skid ELD,FCV770610A,2,LOD300,CONTROL VALVE,EQUILIBAR,EB1LF2,EB1LF2
PX770612A,PX770612A,PX770612A PRESS XTR ON P7706A FEED 1,PX770612A,M7706 Pump Skid ELD,PX770612A,2,LOD300,PRESSURE TRANSMITTER,WIKA,IS-21 / IS-3,IS-21 / IS-3
PSV770606A,PSV770606A,PSV770606A PRESS SFTY VLV ON HE7706A,PSV770606A,M7706 Pump Skid ELD,PSV770606A,1,LOD300,SAFETY VALVE,SWAGELOK,IS-SS-4R3A5-KZ-MO-A,IS-SS-4R3A5-KZ-MO-A
P7706B,P7706B,P7706B M7706B FEED PUMP,P7706B,M7706 Pump Skid ELD,P7706B,1,LOD300,PUMP,SPECK PUMPEN,PY-2273-XX,PY-2273-XX
LSL770601B,LSL770601B,LSL770601B EMPTY SWITCH ON P7706B,LAL770601B,M7706 Pump Skid ELD,LAL770601B,1,LOD300,SWITCH,SONOCONTROL,SONOCONTROL 15,SONOCONTROL 15
PX770602B,PX770602B,PX770602B PRESS XTR ON P7706B SUCTION,PI770602B,M7706 Pump Skid ELD,PX770602B,2,LOD300,PRESS TRANSMITTER,WIKA,IS-21 / IS-3,IS-21 / IS-3
PX770604B,PX770604B,PX770604B PRESS XTR ON P7706B DISCHARGE,PI770604B,M7706 Pump Skid ELD,PX770604B,2,LOD300,PRESS TRANSMITTER,WIKA,IS-21 / IS-3,IS-21 / IS-3
HE7706B,HE7706B,HE7706B M7706B HEAT EXCHANGER,HE7706B,M7706 Pump Skid ELD,HE7706B,1,LOD300,HEAT EXCHANGER,EXERGY,35 Series Sanitary,35 Series Sanitary 01095-16
TX770607B,TX770607B,TX770607B TEMP XTR ON M7706B RECYCLE,TX770607B,M7706 Pump Skid ELD,TX770607B,1,LOD300,TEMP TRANSMITTER,WIKA,TR21-B-BTB,TR21-B-BTB
TCV770605B,TCV770605B,TCV770605B TEMP CTRL VLV ON HE7706B,TCV770605B,M7706 Pump Skid ELD,TCV770605B,2,LOD300,CONTROL VALVE,EQUILIBAR,EB1HF2,EB1HF2
FX770609B,FX770609B,FX770609B FLOW XTR ON P7706B FEED,FX770609B,M7706 Pump Skid ELD,FX770609B,1,LOD300,FLOW TRANSMITTER,ENDRESS + HAUSER,83A02-DSVWACDAACA2,83A02-DSVWACDAACA2+Z1
FCV770610B,FCV770610B,FCV770610B CTRL VLV ON P7706B FEED,FCV770610B,M7706 Pump Skid ELD,FCV770610B,2,LOD300,CONTROL VALVE,EQUILIBAR,EB1LF2,EB1LF2
PX770612B,PX770612B,PX770612B PRESS XTR ON P7706B FEED,PX770612B,M7706 Pump Skid ELD,PX770612B,2,LOD300,PRESSURE TRANSMITTER,WIKA,IS-21 / IS-3,IS-21 / IS-3
PSV770606B,PSV770606B,PSV770606B PRESS SFTY VLV ON HE7706B,PSV770606B,M7706 Pump Skid ELD,PSV770606B,1,LOD300,SAFETY VALVE,SWAGELOK,IS-SS-4R3A5-KZ-MO-A,IS-SS-4R3A5-KZ-MO-A
P7707A,P7707A,P7707A M7707A FEED PUMP,P7707A,M7707 Pump Skid ELD,P7707A,1,LOD300,PUMP,SPECK PUMPEN,NPY-2251-MK,NPY-2251-MK
LSL770701A,LSL770701A,LSL770701A EMPTY SWITCH ON P7707A,LAL770701A,M7707 Pump Skid ELD,LAL770701A,1,LOD300,SWITCH,SONOCONTROL,SONOCONTROL 15,SONOCONTROL 15
PX770702A,PX770702A,PX770702A PRESS XTR ONP7707A SUCTION,PI770702A,M7707 Pump Skid ELD,PX770702A,2,LOD300,PRESS TRANSMITTER,WIKA,IS-21 / IS-3,IS-21 / IS-3
PX770704A,PX770704A,PX770704A PRESS XTR ON P7707A DISCHARGE,PI770704A,M7707 Pump Skid ELD,PX770704A,2,LOD300,PRESS TRANSMITTER,WIKA,IS-21 / IS-3,IS-21 / IS-3
HE7707A,HE7707A,HE7707A M7707A HEAT EXCHANGER,HE7707A,M7707 Pump Skid ELD,HE7707A,1,LOD300,HEAT EXCHANGER,EXERGY,35 Series Sanitary,35 Series Sanitary 01095-16
TX770707A,TX770707A,TX770707A TEMP XTR ON M7707A RECYCLE,TX770707A,M7707 Pump Skid ELD,TX770707A,2,LOD300,TEMP TRANSMITTER,WIKA,TR21-B-BTB,TR21-B-BTB
TCV770705A,TCV770705A,TCV770705A TEMP CTRL VLV ON HE7707A,TCV770705A,M7707 Pump Skid ELD,TCV770705A,2,LOD300,CONTROL VALVE,EQUILIBAR,EB1HF2,EB1HF2
FX770709A,FX770709A,FX770709A FLOW XTR ON P7707A FEED,FX770709A,M7707 Pump Skid ELD,FX770709A,1,LOD300,FLOW TRANSMITTER,ENDRESS + HAUSER,83A02-DSVWACDAACA2,83A02-DSVWACDAACA2+Z1
FCV770710A,FCV770710A,FCV770710A CTRL VLV ON P7707A FEED,FCV770710A,M7707 Pump Skid ELD,FCV770710A,2,LOD300,CONTROL VALVE,EQUILIBAR,EB1LF2,EB1LF2
PX770712A,PX770712A,PX770712A PRESS XTR ON P7707A FEED,PX770712A,M7707 Pump Skid ELD,PX770712A,2,LOD300,PRESSURE TRANSMITTER,WIKA,IS-21 / IS-3,IS-21 / IS-3
PSV770706A,PSV770706A,PSV770706A PRESS SFTY VLV ON HE7707A,PSV770706A,M7707 Pump Skid ELD,PSV770706A,1,LOD300,SAFETY VALVE,SWAGELOK,IS-SS-4R3A5-KZ-MO-A,IS-SS-4R3A5-KZ-MO-A
P7707B,P7707B,P7707B M7707B FEED PUMP,P7707B,From Text,P7707B,1,LOD300,PUMP,SPECK PUMPEN,NPY-2251-MK,NPY-2251-MK
LSL770701B,LSL770701B,LSL770701B EMPTY SWITCH ON P7707B,LAL770701B,M7707 Pump Skid ELD,LAL770701B,1,LOD300,SWITCH,SONOCONTROL,SONOCONTROL 15,SONOCONTROL 15
PX770702B,PX770702B,PX770702B PRESS XTR ON P7707B SUCTION,PI770702B,M7707 Pump Skid ELD,PX770702B,2,LOD300,PRESS TRANSMITTER,WIKA,IS-21 / IS-3,IS-21 / IS-3
PX770704B,PX770704B,PX770704B PRESS XTR ON P7707B DISCHARGE,PI770704B,M7707 Pump Skid ELD,PX770704B,2,LOD300,PRESS TRANSMITTER,WIKA,IS-21 / IS-3,IS-21 / IS-3
HE7707B,HE7707B,HE7707B M7707B HEAT EXCHANGER,HE7707B,M7707 Pump Skid ELD,HE7707B,1,LOD300,HEAT EXCHANGER,EXERGY,35 Series Sanitary,35 Series Sanitary 01095-16
TX770707B,TX770707B,TX770707B TEMP XTR ON M7707B RECYCLE,TX770707B,M7707 Pump Skid ELD,TX770707B,1,LOD300,TEMP TRANSMITTER,WIKA,TR21-B-BTB,TR21-B-BTB
TCV770705B,TCV770705B,TCV770705B TEMP CTRL VLV ON HE7707B,TCV770705B,M7707 Pump Skid ELD,TCV770705B,2,LOD300,CONTROL VALVE,EQUILIBAR,EB1HF2,EB1HF2
FX770709B,FX770709B,FX770709B FLOW XTR ON P7707B FEED,FX770709B,M7707 Pump Skid ELD,FX770709B,1,LOD300,FLOW TRANSMITTER,ENDRESS + HAUSER,83A02-DSVWACDAACA2,83A02-DSVWACDAACA2+Z1
FCV770710B,FCV770710B,FCV770710B CTRL VLV ON P7707B FEED,FCV770710B,M7707 Pump Skid ELD,FCV770710B,2,LOD300,CONTROL VALVE,EQUILIBAR,EB1LF2,EB1LF2
PX770712B,PX770712B,PX770712B PRESS XTR ON P7707B FEED,PX770712B,M7707 Pump Skid ELD,PX770712B,2,LOD300,PRESSURE TRANSMITTER,WIKA,IS-21 / IS-3,IS-21 / IS-3
PSV770706B,PSV770706B,PSV770706B PRESS SFTY VLV ON HE7707B,PSV770706B,M7707 Pump Skid ELD,PSV770706B,1,LOD300,SAFETY VALVE,SWAGELOK,IS-SS-4R3A5-KZ-MO-A,IS-SS-4R3A5-KZ-MO-A
P7708A,P7708A,P7708A M7708A FEED PUMP,P7708A,M7708 Pump Skid ELD,P7708A,1,LOD300,PUMP,SPECK PUMPEN,PY-2273-XX,PY-2273-XX
LSL770801A,LSL770801A,LSL770801A EMPTY SWITCH ON P7708A,LAL770801A,M7708 Pump Skid ELD,LAL770801A,1,LOD300,SWITCH,SONOCONTROL,SONOCONTROL 15,SONOCONTROL 15
PX770802A,PX770802A,PX770802A PRESS XTR ON P7708A SUCTION,PI770802A,M7708 Pump Skid ELD,PX770802A,2,LOD300,PRESS TRANSMITTER,WIKA,IS-21 / IS-3,IS-21 / IS-3
PX770804A,PX770804A,PX770804A PRESS XTR ON P7708A DISCHARGE,PI770804A,M7708 Pump Skid ELD,PX770804A,2,LOD300,PRESS TRANSMITTER,WIKA,IS-21 / IS-3,IS-21 / IS-3
HE7708A,HE7708A,HE7708A M7708A HEAT EXCHANGER,HE7708A,M7708 Pump Skid ELD,HE7708A,1,LOD300,HEAT EXCHANGER,EXERGY,35 Series Sanitary,35 Series Sanitary 01095-16
TX770807A,TX770807A,TX770807A TEMP XTR ON M7707A RECYCLE,TX770807A,M7708 Pump Skid ELD,TX770807A,2,LOD300,TEMP TRANSMITTER,WIKA,TR21-B-BTB,TR21-B-BTB
TCV770805A,TCV770805A,TCV770805A TEMP CTRL VLV ON HE7708A,TCV770805A,M7708 Pump Skid ELD,TCV770805A,2,LOD300,CONTROL VALVE,EQUILIBAR,EB1HF2,EB1HF2
FX770809A,FX770809A,FX770809A FLOW XTR ON P7708A FEED,FX770809A,M7708 Pump Skid ELD,FX770809A,1,LOD300,FLOW TRANSMITTER,ENDRESS + HAUSER,83A02-DSVWACDAACA2,83A02-DSVWACDAACA2+Z1
FCV770810A,FCV770810A,FCV770810A CTRL VLV ON P7708A FEED,FCV770810A,M7708 Pump Skid ELD,FCV770810A,2,LOD300,CONTROL VALVE,EQUILIBAR,EB1LF2,EB1LF2
PX770812A,PX770812A,PX770812A PRESS XTR ON P7708A FEED,PX770812A,M7708 Pump Skid ELD,PX770812A,2,LOD300,PRESSURE TRANSMITTER,WIKA,IS-21 / IS-3,IS-21 / IS-3
PSV770806A,PSV770806A,PSV770806A PRESS SFTY VLV ON HE7708A,PSV770806A,M7708 Pump Skid ELD,PSV770806A,1,LOD300,SAFETY VALVE,SWAGELOK,IS-SS-4R3A5-KZ-MO-A,IS-SS-4R3A5-KZ-MO-A
P7708B,P7708B,P7708B M7708B FEED PUMP,P7708B,M7708 Pump Skid ELD,P7708B,1,LOD300,PUMP,SPECK PUMPEN,PY-2272-XX,PY-2272-XX
LSL770801B,LSL770801B,LSL770801B EMPTY SWITCH ON P7708B,LAL770801B,M7708 Pump Skid ELD,LAL770801B,1,LOD300,SWITCH,SONOCONTROL,SONOCONTROL 15,SONOCONTROL 15
PX770802B,PX770802B,PX770802B PRESS XTR ON P7708B SUCTION,PI770802B,M7708 Pump Skid ELD,PX770802B,2,LOD300,PRESS TRANSMITTER,WIKA,IS-21 / IS-3,IS-21 / IS-3
PX770804B,PX770804B,PX770804B PRESS XTR ON P7708B DISCHARGE,PI770804B,M7708 Pump Skid ELD,PX770804B,2,LOD300,PRESS TRANSMITTER,WIKA,IS-21 / IS-3,IS-21 / IS-3
HE7708B,HE7708B,HE7708B M7707B HEAT EXCHANGER,HE7708B,M7708 Pump Skid ELD,HE7708B,1,LOD300,HEAT EXCHANGER,EXERGY,35 Series Sanitary,35 Series Sanitary 01095-16
TX770807B,TX770807B,TX770807B TEMP XTR ON M7707B RECYCLE,TX770807B,M7708 Pump Skid ELD,TX770807B,2,LOD300,TEMP TRANSMITTER,WIKA,TR21-B-BTB,TR21-B-BTB
TCV770805B,TCV770805B,TCV770805B TEMP CTRL VLV ON HE7708B,TCV770805B,M7708 Pump Skid ELD,TCV770805B,2,LOD300,CONTROL VALVE,EQUILIBAR,EB1HF2,EB1HF2
FX770809B,FX770809B,FX770809B FLOW XTR ON P7708B FEED 1,FX770809B,M7708 Pump Skid ELD,FX770809B,1,LOD300,FLOW TRANSMITTER,ENDRESS + HAUSER,83A02-DSVWACDAACA2,83A02-DSVWACDAACA2+Z1
FCV770810B,FCV770810B,FCV770810B CTRL VLV ON P7708B FEED 1,FCV770810B,M7708 Pump Skid ELD,FCV770810B,2,LOD300,CONTROL VALVE,EQUILIBAR,EB1LF2,EB1LF2
PX770812B,PX770812B,PX770812B PRESS XTR ON P7708B FEED 1,PX770812B,M7708 Pump Skid ELD,PX770812B,2,LOD300,PRESSURE TRANSMITTER,WIKA,IS-21 / IS-3,IS-21 / IS-3
FX770813B,FX770813B,FX770813B FLOW XTR ON P7708B FEED 2,FX770813B,M7708 Pump Skid ELD,FX770813B,1,LOD300,FLOW TRANSMITTER,ENDRESS + HAUSER,83A02-DSVWACDAACA2,83A02-DSVWACDAACA2+Z1
FCV770814B,FCV770814B,FCV770814B CTRL VLV ON P7708B FEED 2,FCV770814B,M7708 Pump Skid ELD,FCV770814B,2,LOD300,CONTROL VALVE,EQUILIBAR,EB1LF2,EB1LF2
PX770816B,PX770816B,PX770816B PRESS XTR ON P7708B FEED 2,PX770816B,M7708 Pump Skid ELD,PX770816B,2,LOD300,PRESSURE TRANSMITTER,WIKA,IS-21 / IS-3,IS-21 / IS-3
PSV770806B,PSV770806B,PSV770806B PRESS SFTY VLV ON HE7708B,PSV770806B,M7708 Pump Skid ELD,PSV770806B,1,LOD300,SAFETY VALVE,SWAGELOK,IS-SS-4R3A5-KZ-MO-A,IS-SS-4R3A5-KZ-MO-A
FX777001,FX777001,FX777001 FLOW XTR ON M7770 FEED 1,FX777001,M7770 Feed Splitter Skid  ELD,FX777001,1,LOD300,FLOW TRANSMITTER,ENDRESS + HAUSER,83A02-DSVWACDAACA2,n/a
FCV777003,FCV777003,FCV777003 FLOW CTRL VLV TO M7221A FEED 1,FCV777003,M7770 Feed Splitter Skid  ELD,FCV777003,2,LOD300,CONTROL VALVE,EQUILIBAR,EB1LF2,EB1LF2
PX777005,PX777005,PX777005 PRESS XTR ON M7770 FEED 1,PX777005,M7770 Feed Splitter Skid  ELD,PX777005,2,LOD300,PRESSURE TRANSMITTER,UNKNOWN,Unknown,Unknown
FX777002,FX777002,FX777002 FLOW XTR ON M7770 FEED 2,FX777002,M7770 Feed Splitter Skid  ELD,FX777002,1,LOD300,FLOW TRANSMITTER,ENDRESS + HAUSER,83A02-DSVWACDAACA2,83A02-DSVWACDAACA2+Z1
FCV777004,FCV777004,FCV777004 FLOW CTRL VLV ON M7221B FEED 2,FCV777004,M7770 Feed Splitter Skid  ELD,FCV777004,2,LOD300,CONTROL VALVE,EQUILIBAR,EB1LF2,EB1LF2
PX777006,PX777006,PX777006 PRESS XTR ON M7770 FEED 2,PX777006,M7770 Feed Splitter Skid  ELD,PX777006,2,LOD300,PRESSURE TRANSMITTER,UNKNOWN,Unknown,Unknown
HE7720A,HE7720A,HE7720A SHELL AND TUBE REACTOR,HE7720A,M7720 Reactor Skid ELD,HE7720A,1,LOD300,HEAT EXCHANGER,ROBOX,PEP 141 / 1000,175367-S1A
TX772011,TX772011,TX772011 TEMP XTR ON HE7720A INTERNAL 3,TI772011,M7720 Reactor Skid ELD,TX772011,1,LOD300,TEMP TRANSMITTER,WIKA,TR21-B,TR21-B
TX772012,TX772012,TX772012 TEMP XTR ON HE7720A INTERNAL 2,TI772012,M7720 Reactor Skid ELD,TX772012,1,LOD300,TEMP TRANSMITTER,WIKA,TR21-B,TR21-B
TX772013,TX772013,TX772013 TEMP XTR ON HE7720A INTERNAL 1,TI772013,M7720 Reactor Skid ELD,TX772013,1,LOD300,TEMP TRANSMITTER,WIKA,TR21-B,TR21-B
TCV772009,TCV772009,TCV772009 TEMP CTRL VLV ON HE7720A,TCV772009,M7720 Reactor Skid ELD,TCV772009,2,LOD300,CONTROL VALVE,EQUILIBAR,GSD3SNT4B,GSD3SNT4B
PX772017,PX772017,PX772017 PRESS XTR ON HE7720A OUT,PI772017,M7720 Reactor Skid ELD,PX772017,2,LOD300,PRESS TRANSMITTER,WIKA,IS-21 / IS-3,IS-21 / IS-3
PSV772022,PSV772022,PSV772022 PRESS SFTY VLV ON HE7720A,PSV772022,M7720 Reactor Skid ELD,PSV772022,1,LOD300,SAFETY VALVE,SWAGELOK,IS-SS-4R3A5-KZ-MO-A,IS-SS-4R3A5-KZ-MO-A
HE7720B,HE7720B,HE7720B SHELL AND TUBE REACTOR,HE7720B,M7720 Reactor Skid ELD,HE7720B,1,LOD300,HEAT EXCHANGER,ROBOX,PEP 141 / 1000,175367-S1B
LSL772019,LSL772019,LSL772019 OUT EMPTY SWITCH ON HE7720B,LAL772019,M7720 Reactor Skid ELD,LAL772019,2,LOD300,SWITCH,SONOCONTROL,SONOCONTROL 15,SONOCONTROL 15
PX772020,PX772020,PX772020 PRESS XTR ON HE7720B OUT,PI772020,M7720 Reactor Skid ELD,PX772020,2,LOD300,PRESS TRANSMITTER,WIKA,IS-21 / IS-3,IS-21 / IS-3
TX772018,TX772018,TX772018 TEMP XTR ON HE7720B OUT,TI772018,M7720 Reactor Skid ELD,TX772018,2,LOD300,TEMP TRANSMITTER,UNKNOWN,Unknown,Unknown
TX772014,TX772014,TX772014 TEMP XTR ON HE7720B INTERNAL 1,TI772014,M7720 Reactor Skid ELD,TX772014,1,LOD300,TEMP TRANSMITTER,WIKA,TR21-B,TR21-B
TCV772010,TCV772010,TCV772010 TEMP CTRL VLV ON HE7720B,TCV772010,M7720 Reactor Skid ELD,TCV772010,2,LOD300,CONTROL VALVE,EQUILIBAR,GSD3SNT4B,GSD3SNT4B
PSV772023,PSV772023,PSV772023 PRESS SFTY VLV ON HE7720B,PSV772023,M7720 Reactor Skid ELD,PSV772023,1,LOD300,SAFETY VALVE,SWAGELOK,IS-SS-4R3A5-KZ-MO-A,IS-SS-4R3A5-KZ-MO-A
HE7721A,HE7721A,HE7721A PLATE REACTOR,HE7721A,M7721 Reactor Skid ELD ,HE7721A,1,LOD300,HEAT EXCHANGER,CORNING,G1 SiC,RC16-354-1A/3A
TX772116,TX772116,TX772116 TEMP XTR ON HE7721A OUT,TI772116,M7721 Reactor Skid ELD ,TX772116,1,LOD300,TEMP TRANSMITTER,WIKA,TR21-B-BTB,TR21-B-BTB
TCV772109,TCV772109,TCV772109 TEMP CTRL VLV ON HE7721A,TCV772109,M7721 Reactor Skid ELD ,TCV772109,2,LOD300,CONTROL VALVE,EQUILIBAR,GSD3SNT4B,GSD3SNT4B
PX772117,PX772117,PX772117 PRESS XTR ON HE7721A OUT,PI772117,M7721 Reactor Skid ELD ,PX772117,2,LOD300,PRESS TRANSMITTER,WIKA,IS-21 / IS-3,IS-21 / IS-3
LSL772125,LSL772125,LSL772125 OUT EMPTY SWITCH ON HE7721A,LAL772125,M7721 Reactor Skid ELD ,LAL772125,2,LOD300,SWITCH,SONOCONTROL,SONOCONTROL 15,SONOCONTROL 15
PSV772122,PSV772122,PSV772122 PRESS SFTY VLV FOR HE7721A,PSV772122,M7721 Reactor Skid ELD ,PSV772122,1,LOD300,SAFETY VALVE,SWAGELOK,IS-SS-4R3A5-KZ-MO-A,IS-SS-4R3A5-KZ-MO-A
HE7721B,HE7721B,HE7721B PLATE REACTOR,HE7721B,M7721 Reactor Skid ELD ,HE7721B,1,LOD300,HEAT EXCHANGER,CORNING,G1 SiC,RC16-354-2A/4A
TX772118,TX772118,TX772118 TEMP XTR ON HE7721B OUT,TI772118,M7721 Reactor Skid ELD ,TX772118,1,LOD300,TEMP TRANSMITTER,WIKA,TR21-B-BTB,TR21-B-BTB
TCV772110,TCV772110,TCV772110 TEMP CTRL VLV ON HE7721B,TCV772110,M7721 Reactor Skid ELD ,TCV772110,2,LOD300,CONTROL VALVE,EQUILIBAR,GSD3SNT4B,GSD3SNT4B
PX772120,PX772120,PX772120 PRESS XTR ON HE7721B OUT,PI772120,M7721 Reactor Skid ELD ,PX772120,2,LOD300,PRESS TRANSMITTER,WIKA,IS-21 / IS-3,IS-21 / IS-3
LSL772119,LSL772119,LSL772119 OUT EMPTY SWITCH ON HE7721B,LAL772119,M7721 Reactor Skid ELD ,LAL772119,2,LOD300,SWITCH,UNKNOWN,Unknown,Unknown
PSV772123,PSV772123,PSV772123 PRESS SFTY VLV FOR HE7721B,PSV772123,M7721 Reactor Skid ELD ,PSV772123,1,LOD300,SAFETY VALVE,SWAGELOK,IS-SS-4R3A5-KZ-MO-A,IS-SS-4R3A5-KZ-MO-A
V7722,V7722,V7722 RECEIVER VESSEL,V7722,M7722 RECEIVER Skid ELD,V7722,1,LOD300,RECEIVER VESSEL,BUCHIGLASUSTER,Type 4 / 3.0 lt,Type 4 / 3.0 lt
TX772204,TX772204,TX772204 TEMP XTR ON V7722 RECEIVER,TX772204,M7722 RECEIVER Skid ELD,TX772204,1,LOD300,TEMP TRANSMITTER,WIKA,TR21-A-BTT,TR21-A-BTT
LX772201,LX772201,LX772201 LEVEL XTR ON V7722,LX772201,M7722 RECEIVER Skid ELD,LX772201,2,LOD300,LEVEL TRANSMITTER,VEGA,PS64.ACUTBHHX8MAXM,PS64.ACUTBHHX8MAXM
LSH772202,LSH772202,LSH772202 HIGH LVL SWITCH ON V7722,LAH772202,M7722 RECEIVER Skid ELD,LAH772202,2,LOD300,LEVEL SWITCH,UNKNOWN,Unknown,Unknown
PX772203,PX772203,PX772203 PRESS XTR ON V7722,PX772203,M7722 RECEIVER Skid ELD,PX772203,2,LOD300,PRESSURE TRANSMITTER,WIKA,IS-21 / IS-3,IS-21 / IS-3
PSF772208,PSF772208,PSF772208 BURSTING DISC ON V7722,PSF772208,M7722 RECEIVER Skid ELD,PSF772208,1,LOD300,BURSTING DISC,REMBE,"ST-UKB-LS-0,3","ST-UKB-LS-0,3"
HE7750A,HE7750A,HE7750A WIPED FILM EVAPORATOR,HE7750A,M7750 WFE Skid ELD,HE7750A,1,LOD300,HEAT EXCHANGER,LCI,SUPER LAB VAP,SUPER LAB VAP LHSI-0005
FX775001,FX775001,FX775001 FLOW XTR ON HE7750A FEED,FX775001,M7750 WFE Skid ELD,FX775001,1,LOD300,FLOW TRANSMITTER,ENDRESS + HAUSER,PROMASS A 300,"PROMASS A 300 DNO2/ 1/12"""
PX775002,PX775002,PX775002 PRESS XTR ON HE7750A FEED,PX775002,M7750 WFE Skid ELD,PX775002,2,LOD300,PRESSURE TRANSMITTER,WIKA,IS-21 / IS-3,IS-21 / IS-3
LSH775011,LSH775011,LSH775011 HIGH LVL SWITCH ON HE7750A,LAH775011,M7750 WFE Skid ELD,LAH775011,2,LOD300,LEVEL SWITCH,SONOCONTROL,SONOCONTROL 15,SONOCONTROL 15
TX775013,TX775013,TX775013 TEMP XTR ON HE7750A VAPOUR,TX775013,M7750 WFE Skid ELD,TX775013,2,LOD300,TEMP TRANSMITTER,WIKA,TR21-B-BTB,TR21-B-BTB
TX775008,TX775008,TX775008 TEMP XTR ON HE7750A SEAL POT,TX775008,M7750 WFE Skid ELD,TX775008,2,LOD300,TEMP TRANSMITTER,WIKA,TR21-B-BTB,TR21-B-BTB
LSL775007,LSL775007,LSL775007 SEAL POT LOW LVL ON HE7750A,LAL775007,M7750 WFE Skid ELD,LAL775007,2,LOD300,SWITCH,ENDRESS + HAUSER,Liquiphant M FLT50,Liquiphant M FLT50
PX775006,PX775006,PX775006 PRESS XTR ON HE7750A SEAL POT,PI775006,M7750 WFE Skid ELD,PX775006,2,LOD300,PRESS TRANSMITTER,WIKA,IS-21 / IS-3,IS-21 / IS-3
PSF775012,PSF775012,PSF775012 BURSTING DISC ON HE7750A,Not on P&ID,Not on P&ID,PSF775012,1,LOD300,BURSTING DISC,ELFAB,DSC-OFS-065-SSE-NVS,DSC-OFS-065-SSE-NVS
PSV775025,PSV775025,PSV775025 PRESS SFTY VLV ON HE7750A HTF,PSV775025,M7750 WFE Skid ELD,PSV775025,1,LOD300,SAFETY VALVE,SWAGELOK,IS-SS-4R3A5-KZ-MO-A,IS-SS-4R3A5-KZ-MO-A
TX775014,TX775014,TX775014 TEMP XTR ON HE7750A BOTTOM,TX775014,M7750 WFE Skid ELD,TX775014,2,LOD300,TEMP TRANSMITTER,WIKA,TR21-B-BTB,TR21-B-BTB
TX775015,TX775015,TX775015 TEMP XTR ON HE7750A COOL BOTTOM,TX775015,M7750 WFE Skid ELD,TX775015,2,LOD300,TEMP TRANSMITTER,WIKA,TR21-B-BTB,TR21-B-BTB
TCV775016,TCV775016,TCV775016 TEMP CTRL VLV ON HE7750A BOT,TCV775016,M7750 WFE Skid ELD,TCV775016,2,LOD300,CONTROL VALVE,EQUILIBAR,GSD3SNT4B,GSD3SNT4B
FX775017,FX775017,FX775017 FLOW XTR ON HE7750A BOTTOM,FX775017,M7750 WFE Skid ELD,FX775017,1,LOD300,FLOW TRANSMITTER,ENDRESS + HAUSER,PROMASS A 300,"PROMASS A 300 DNO2/ 1/12"""
PSV775027,PSV775027,PSV775027 PRESS SFTY VLV ON HE7750C HTF,PSV775027,M7750 WFE Skid ELD,PSV775027,1,LOD300,SAFETY VALVE,SWAGELOK,IS-SS-4R3A5-KZ-MO-A,IS-SS-4R3A5-KZ-MO-A
HE7750B,HE7750B,HE7750B WFE CONDENSER,HE7750B,M7750 WFE Skid ELD,HE7750B,1,LOD300,HEAT EXCHANGER,EXERGY,95 Series Sanitary,95 Series Sanitary 03218-01
PX775018,PX775018,PX775018 PRESS XTR ON HE7750B,PI775018,M7750 WFE Skid ELD,PX775018,1,LOD300,PRESS TRANSMITTER,WIKA,IS-21 / IS-3,IS-21 / IS-3
TX775020,TX775020,TX775020 TEMP XTR ON HE7750B VAP OUT,TX775020,M7750 WFE Skid ELD,TX775020,2,LOD300,TEMP TRANSMITTER,WIKA,TR21-B-BTB,TR21-B-BTB
TX775021,TX775021,TX775021 TEMP XTR ON HE7750B COND OUT,TX775021,M7750 WFE Skid ELD,TX775021,2,LOD300,TEMP TRANSMITTER,WIKA,TR21-B-BTB,TR21-B-BTB
PSV775026,PSV775026,PSV775026 PRESS SFTY VLV ON HE7750B HTF,PSV775026,M7750 WFE Skid ELD,PSV775026,1,LOD300,SAFETY VALVE,SWAGELOK,IS-SS-4R3A5-KZ-MO-A,IS-SS-4R3A5-KZ-MO-A
PCV775019,PCV775019,PCV775019 PRESS CTRL VLV ON HE7750B VAP,PCV775019,M7750 WFE Skid ELD,PCV775019,2,LOD300,CONTROL VALVE,EQUILIBAR,EB1HF2,EB1HF2
R7750,R7750,R7750 DISTILLATE RECEIVER,R7750,M7750 WFE Skid ELD,R7750,1,LOD300,DISTILLATE RECEIVER,CRP,"DTSG 4"" PFA Lined","DTSG 4"" PFA Lined"
LX775023,LX775023,LX775023 LEVEL XTR ON R7750,LX775023,M7750 WFE Skid ELD,LX775023,2,LOD300,LEVEL TRANSMITTER,UNKNOWN,Unknown,Unknown
LSH775024,LSH775024,LSH775024 HIGH LVL SWITCH ON R7750,LAH775024,M7750 WFE Skid ELD,LAH775024,2,LOD300,LEVEL SWITCH,UNKNOWN,Unknown,Unknown
P7709A,P7709A,P7709A M7709 DIAPHRAGM PUMP,P7709A,M7709 DP Pump Skid ELD,P7709A,2,LOD300,PUMP,UNKNOWN,Unknown,Unknown
PX770903A,PX770903A,PX770903A PRESS XTR ON P7709A DISCHARGE,PX770903A,M7709 DP Pump Skid ELD,PX770903A,2,LOD300,PRESSURE TRANSMITTER,WIKA,IS-21 / IS-3,IS-21 / IS-3
PSV770908A,PSV770908A,PSV770908A PRESS SFTY VLV ON P7790A,PSV770908A,M7709 DP Pump Skid ELD,PSV770908A,1,LOD300,SAFETY VALVE,SWAGELOK,IS-SS-4R3A5-KZ-MO-A,IS-SS-4R3A5-KZ-MO-A
LCV770904A,LCV770904A,LCV770904A CTRL VALVE ON P7709A DISCHG,LCV770904A,M7709 DP Pump Skid ELD,LCV770904A,2,LOD300,CONTROL VALVE,EQUILIBAR,EB1LF2,EB1LF2
P7709B,P7709B,P7709B M7709 DIAPHRAGM PUMP,P7709B,M7709 DP Pump Skid ELD,P7709B,1,LOD300,PUMP,HYDRACELL,DO3EKSJSFEHK,DO3EKSJSFEHK
PX770903B,PX770903B,PX770903B PRESS XTR ON P7709B DISCHARGE,PX770903B,M7709 DP Pump Skid ELD,PX770903B,2,LOD300,PRESSURE TRANSMITTER,WIKA,IS-21 / IS-3,IS-21 / IS-3
PSV770908B,PSV770908B,PSV770908B PRESS SFTY VLV ON P7790B,PSV770908B,M7709 DP Pump Skid ELD,PSV770908B,1,LOD300,SAFETY VALVE,SWAGELOK,IS-SS-4R3A5-KZ-MO-A,IS-SS-4R3A5-KZ-MO-A
HX7471A,HX7471A,HX7471A P-7471 DW THERM TCU COOLER,Not on P&ID,Not on P&ID,No Data Sheet Available,2,LOD300,UNKNOWN,VAHTERUS,PSHE 3HH-34/1/1,46371
HX7471B,HX7471B,HX7471B P-7471 DW THERM TCU HEATER,Not on P&ID,Not on P&ID,No Data Sheet Available,2,LOD300,UNKNOWN,VAHTERUS,PSHE 2HA-34/1/1,46369
PSV747101,PSV747101,PSV747101 PRESS SFTY VLV ON HX7471,Not on P&ID,Not on P&ID,No Data Sheet Available,1,LOD300,SAFETY VALVE,FARRIS,27CA33-220/S4/SP,27CA33-220/S4/SP
PSV747102,PSV747102,PSV747102 PRESS SFTY VLV ON HX7471A,Not on P&ID,Not on P&ID,No Data Sheet Available,2,LOD300,SAFETY VALVE,UNKNOWN,Unknown,Unknown
TCV747101,TCV747101,TCV747101 HX7471A SYLTHERM SUP CTRL VLV,Not on P&ID,Not on P&ID,No Data Sheet Available,2,LOD300,CONTROL VALVE,FISHER,24000CVF,NPS 1/2 24000CVF 32 Size 32
TCV747102,TCV747102,TCV747102 STEAM CTRL VLV ON HX7471B,Not on P&ID,Not on P&ID,No Data Sheet Available,2,LOD300,CONTROL VALVE,BURKERT,8802-GB-B,Type 8802-GB-B
PX747103,PX747103,PX747103 PRESS XTR ON HX7471B STEAM SUP,Not on P&ID,Not on P&ID,No Data Sheet Available,2,LOD300,PRESSURE TRANSMITTER,EMERSON ROSEMOUNT,3051S,"3051S2TG2A2A11A1BB4
I1M5Q4Q8"
HX7471,HX7471,P7471 HX7471 TCU PUMP,Not on P&ID,Not on P&ID,No Data Sheet Available,2,LOD300,UNKNOWN,HMD KONTRO,GTA 1x1x6 CA1,GTA 1x1x6 CA1
FX747471,FX747471,FX747471 FLOW XTR ON HX7471 TCU SUPPLY,Not on P&ID,Not on P&ID,No Data Sheet Available,2,LOD300,FLOW TRANSMITTER,ENDRESS + HAUSER,"Promass F 200,8F2B25","Promass F 200,8F2B25"
TX747101,TX747101,TX747101 TEMP XTR ON HX7471 TCU RETURN,Not on P&ID,Not on P&ID,No Data Sheet Available,2,LOD300,TEMP TRANSMITTER,EMERSON ROSEMOUNT,3144PD2A2I1M5C2Q4XA,3144PD2A2I1M5C2Q4XA
TX747102,TX747102,TX747102 TEMP XTR ON HX7471 TCU SUPPLY,Not on P&ID,Not on P&ID,No Data Sheet Available,2,LOD300,TEMP TRANSMITTER,EMERSON ROSEMOUNT,3144PD2A2I1M5C2Q4XA,3144PD2A2I1M5C2Q4XA
T7471,T7471,T7471 HX7471 TCU EXPANSION TANK,Not on P&ID,Not on P&ID,No Data Sheet Available,2,LOD300,TANK,ALMARC,CTSG,SS316 Flanged Unlined CTSG
LSH747101,LSH747101,LSH747101 HIGH LVL SWITCH ON T7471,Not on P&ID,Not on P&ID,No Data Sheet Available,2,LOD300,LEVEL SWITCH,ENDRESS + HAUSER,FTL51-FA82BB8G1C,FTL51-FA82BB8G1C + KEZ1
LSL747102,LSL747102,LSL747102 LOW LVL SWITCH ON T7471,Not on P&ID,Not on P&ID,No Data Sheet Available,2,LOD300,SWITCH,ENDRESS + HAUSER,FTL51-FA82BB8G1C,FTL51-FA82YY8G1C + KEZ1
PSF747471,PSF747471,PSF747471 BURST DISC ON T7471,Not on P&ID,Not on P&ID,No Data Sheet Available,1,LOD300,BURSTING DISC,ELFAB,DSC-OPS-025-SSU-XXX,DSC-OPS-025-SSU-XXX
HX7472A,HX7472A,HX7472A P-7472 DW THERM TCU COOLER,Not on P&ID,Not on P&ID,No Data Sheet Available,2,LOD300,UNKNOWN,VAHTERUS,PSHE 3HH-34/1/1,46372
HX7472B,HX7472B,HX7472B P-7472 DW THERM TCU HEATER,Not on P&ID,Not on P&ID,No Data Sheet Available,2,LOD300,UNKNOWN,VAHTERUS,PSHE 2HA-34/1/1,46370
PSV747201,PSV747201,PSV747201 PRESS SFTY VLV ON HX7472,Not on P&ID,Not on P&ID,No Data Sheet Available,1,LOD300,SAFETY VALVE,FARRIS,27CA33-220/S4/SP,27CA33-220/S4/SP
PSV747202,PSV747202,PSV747202 PRESS SFTY VLV ON HX742A,Not on P&ID,Not on P&ID,No Data Sheet Available,1,LOD300,SAFETY VALVE,FARRIS,27CA33-220/S4/SP,27CA33-220/S4/SP
TCV747201,TCV747201,TCV747201 HX7472A SYLTHERM SUP CRTL VLV,Not on P&ID,Not on P&ID,No Data Sheet Available,2,LOD300,CONTROL VALVE,FISHER,24000CVF,NPS 1/2 24000CVF 32 Size 32
TCV747202,TCV747202,TCV747202 STEAM CTRL VLV ON HX7472B,Not on P&ID,Not on P&ID,No Data Sheet Available,2,LOD300,CONTROL VALVE,BURKERT,8802-GB-B,Type 8802-GB-B
PX747203,PX747203,PX747203 PRESS XTR ON HX7472B STEAM SUP,Not on P&ID,Not on P&ID,No Data Sheet Available,2,LOD300,PRESSURE TRANSMITTER,EMERSON ROSEMOUNT,3051S,"3051S2TG2A2A11A1BB4
I1M5Q4Q8"
HX7472,HX7472,P7472 HX7472 TCU PUMP,Not on P&ID,Not on P&ID,No Data Sheet Available,2,LOD300,UNKNOWN,HMD KONTRO,GTA 1x1x6 CA1,GTA 1x1x6 CA1
FX747472,FX747472,FX747472 FLOW XTR ON HX7472 TCU SUPPLY,Not on P&ID,Not on P&ID,No Data Sheet Available,2,LOD300,FLOW TRANSMITTER,ENDRESS + HAUSER,"Promass F 200,8F2B25","Promass F 200,8F2B25"
TX747201,TX747201,TX747201 TEMP XTR ON HX7472 TCU RETURN,Not on P&ID,Not on P&ID,No Data Sheet Available,2,LOD300,TEMP TRANSMITTER,EMERSON ROSEMOUNT,3144PD2A2I1M5C2Q4XA,3144PD2A2I1M5C2Q4XA
TX747202,TX747202,TX747202 TEMP XTR ON HX7472 TCU SUPPLY,Not on P&ID,Not on P&ID,No Data Sheet Available,2,LOD300,TEMP TRANSMITTER,EMERSON ROSEMOUNT,3144PD2A2I1M5C2Q4XA,3144PD2A2I1M5C2Q4XA
T7472,T7472,T7472 HX7472 TCU EXPANSION TANK,Not on P&ID,Not on P&ID,No Data Sheet Available,2,LOD300,TANK,ALMARC,CTSG,SS316 Flanged Unlined CTSG
LSH747201,LSH747201,LSH747201 HIGH LVL SWITCH ON T7472,Not on P&ID,Not on P&ID,No Data Sheet Available,2,LOD300,LEVEL SWITCH,ENDRESS + HAUSER,FTL51-FA82BB8G1C,FTL51-FA82BB8G1C + KEZ1
LSL747202,LSL747202,LSL747202 LOW LVL SWITCH ON T7472,Not on P&ID,Not on P&ID,No Data Sheet Available,2,LOD300,SWITCH,ENDRESS + HAUSER,FTL51-FA82BB8G1C,FTL51-FA82YY8G1C + KEZ1
PSF747472,PSF747472,PSF747472 BURST DISC ON T7472,Not on P&ID,Not on P&ID,No Data Sheet Available,1,LOD300,BURSTING DISC,ELFAB,DSC-OPS-025-SSU-XXX,DSC-OPS-025-SSU-XXX
HX7473A,HX7473A,HX7473A P-7473 DW THERM TCU COOLER,Not on P&ID,Not on P&ID,No Data Sheet Available,2,LOD300,UNKNOWN,VAHTERUS,PSHE 3HH-34/1/1,46374
HX7473B,HX7473B,HX7473B P-7473 DW THERM TCU HEATER,Not on P&ID,Not on P&ID,No Data Sheet Available,2,LOD300,UNKNOWN,VAHTERUS,PSHE 2HA-34/1/1,46373
PSV747301,PSV747301,PSV747301 PRESS SFTY VLV ON HX7473,Not on P&ID,Not on P&ID,No Data Sheet Available,1,LOD300,SAFETY VALVE,FARRIS,27CA33-220/S4/SP,27CA33-220/S4/SP
PSV747302,PSV747302,PSV747302 PRESS SFTY VLV ON HX7473,Not on P&ID,Not on P&ID,No Data Sheet Available,1,LOD300,SAFETY VALVE,FARRIS,27CA33-220/S4/SP,27CA33-220/S4/SP
TCV747301,TCV747301,TCV747301 HX7473A SYLTHERM SUP CRTL VLV,Not on P&ID,Not on P&ID,No Data Sheet Available,2,LOD300,CONTROL VALVE,FISHER,24000CVF,NPS 1/2 24000CVF 32 Size 32
TCV747302,TCV747302,TCV747302 STEAM CTRL VLV ON HX7473B,Not on P&ID,Not on P&ID,No Data Sheet Available,2,LOD300,CONTROL VALVE,BURKERT,8802-GB-B,Type 8802-GB-B
PX747303,PX747303,PX747303 PRESS XTR ON HX7473B STEAM SUP,Not on P&ID,Not on P&ID,No Data Sheet Available,2,LOD300,PRESSURE TRANSMITTER,EMERSON ROSEMOUNT,3051S,"3051S2TG2A2A11A1BB4
I1M5Q4Q8"
HX7473,HX7473,P7473 HX7473 TCU PUMP,Not on P&ID,Not on P&ID,No Data Sheet Available,2,LOD300,UNKNOWN,HMD KONTRO,GTA 1x1x6 CA1,GTA 1x1x6 CA1
FX747473,FX747473,FX747473 FLOW XTR ON HX7473 TCU SUPPLY,Not on P&ID,Not on P&ID,No Data Sheet Available,2,LOD300,FLOW TRANSMITTER,ENDRESS + HAUSER,"Promass F 200,8F2B25","Promass F 200,8F2B25"
TX747301,TX747301,TX747301 TEMP XTR ON HX7473 TCU RETURN,Not on P&ID,Not on P&ID,No Data Sheet Available,2,LOD300,TEMP TRANSMITTER,EMERSON ROSEMOUNT,3144PD2A2I1M5C2Q4XA,3144PD2A2I1M5C2Q4XA
TX747302,TX747302,TX747302 TEMP XTR ON HX7473 TCU SUPPLY,Not on P&ID,Not on P&ID,No Data Sheet Available,2,LOD300,TEMP TRANSMITTER,EMERSON ROSEMOUNT,3144PD2A2I1M5C2Q4XA,3144PD2A2I1M5C2Q4XA
T7473,T7473,T7473 HX7473 TCU EXPANSION TANK,Not on P&ID,Not on P&ID,No Data Sheet Available,2,LOD300,TANK,ALMARC,CTSG,SS316 Flanged Unlined CTSG
LSH747301,LSH747301,LSH747301 HIGH LVL SWITCH ON T7473,Not on P&ID,Not on P&ID,No Data Sheet Available,2,LOD300,LEVEL SWITCH,ENDRESS + HAUSER,FTL51-FA82BB8G1C,FTL51-FA82BB8G1C + KEZ1
LSL747302,LSL747302,LSL747302 LOW LVL SWITCH ON T7473,Not on P&ID,Not on P&ID,No Data Sheet Available,2,LOD300,SWITCH,ENDRESS + HAUSER,FTL51-FA82BB8G1C,FTL51-FA82YY8G1C + KEZ1
PSF747473,PSF747473,PSF747473 BURST DISC ON T7473,Not on P&ID,Not on P&ID,No Data Sheet Available,1,LOD300,BURSTING DISC,ELFAB,DSC-OPS-025-SSU-XXX,DSC-OPS-025-SSU-XXX
T7430,T7430,T7430 FD7530 CONDENSATE KNOCKOUT POT,Not on P&ID,Not on P&ID,No Data Sheet Available,2,LOD300,TANK,ALMARC,CTSG,SS316 Flanged Unlined CTSG
LSH753009,LSH753009,LSH753009 HIGH LVL SWITCH ON T7430,Not on P&ID,Not on P&ID,No Data Sheet Available,2,LOD300,LEVEL SWITCH,ENDRESS + HAUSER,FTL51C,FTL51C-FA8NBN8G1YA
T7440,T7440,T7440 FD7540 CONDENSATE KNOCKOUT POT,Not on P&ID,Not on P&ID,No Data Sheet Available,2,LOD300,TANK,ALMARC,CTSG,SS316 Flanged Unlined CTSG
LSH754009,LSH754009,LSH754009 HIGH LVL SWITCH ON T7440,Not on P&ID,Not on P&ID,No Data Sheet Available,2,LOD300,LEVEL SWITCH,ENDRESS + HAUSER,FTL51C,FTL51C-FA8NBN8G1YA
WI753088,WI753088,WI753088 GLOVEBOX WEIGH SCALE M-7558,Not on P&ID,Not on P&ID,No Data Sheet Available,2,LOD300,WEIGH SCALE,Unknown,Unknown,Unknown
WI754088,WI754088,WI754088 GLOVEBOX WEIGH SCALE M-7569,Not on P&ID,Not on P&ID,No Data Sheet Available,2,LOD300,WEIGH SCALE,Unknown,Unknown,Unknown
PRV754024C,PRV754024C,PRV754024C N2 PRESS REG VLV C ON FD-7540,Not on P&ID,Not on P&ID,No Data Sheet Available,2,LOD300,UNKNOWN,Unknown,Unknown,Unknown
PSH754005,PSH754005,PSH754005 GB PRESS SWITCH HIGH ON M-7568,Not on P&ID,Not on P&ID,No Data Sheet Available,2,LOD300,PRESSURE SWITCH,Unknown,Unknown,Unknown
PSL754006,PSL754006,PSL754006 GB PRESS SWITCH LOW ON M-7568,Not on P&ID,Not on P&ID,No Data Sheet Available,2,LOD300,PRESSURE SWITCH,Unknown,Unknown,Unknown
SI757521,SI757521,SI757521 V7520 AGITATOR SPEED,Not on P&ID,Not on P&ID,No Data Sheet Available,2,LOD300,AGITATOR,Unknown,Unknown,Unknown
BPV770608A,Not in SAP,Not in SAP,BPV770608A,M7706 Pump Skid ELD,BPV770608A,2,LOD300,#NAME?,Unknown,Unknown,Unknown
TX7740,Not in SAP,Not in SAP,TX7740,M7706 Pump Skid ELD,No Data Sheet Available,2,LOD300,#NAME?,Unknown,Unknown,Unknown
F7706A,Not in SAP,Not in SAP,F7706A,M7706 Pump Skid ELD,F7706A,2,LOD300,#NAME?,Unknown,Unknown,Unknown
HE7706A31,Not in SAP,Not in SAP,HE7706A31,M7706 Pump Skid ELD,No Data Sheet Available,2,LOD300,#NAME?,Unknown,Unknown,Unknown
HE7706A30,Not in SAP,Not in SAP,HE7706A30,M7706 Pump Skid ELD,No Data Sheet Available,2,LOD300,#NAME?,Unknown,Unknown,Unknown
BPV770608B,Not in SAP,Not in SAP,BPV770608B,M7706 Pump Skid ELD,BPV770608B,2,LOD300,#NAME?,Unknown,Unknown,Unknown
P0604B,Not in SAP,Not in SAP,P0604B,M7706 Pump Skid ELD,No Data Sheet Available,2,LOD300,#NAME?,Unknown,Unknown,Unknown
F7706B,Not in SAP,Not in SAP,F7706B,M7706 Pump Skid ELD,F7706B,2,LOD300,#NAME?,Unknown,Unknown,Unknown
FCV770611A,Not in SAP,Not in SAP,FCV770611A,M7706 Pump Skid ELD,FCV770611A,2,LOD300,#NAME?,Unknown,Unknown,Unknown
FCV770611B,Not in SAP,Not in SAP,FCV770611B,M7706 Pump Skid ELD,FCV770611B,2,LOD300,#NAME?,Unknown,Unknown,Unknown
PX770617A,Not in SAP,Not in SAP,PX770617A,M7706 Pump Skid ELD,No Data Sheet Available,2,LOD300,#NAME?,Unknown,Unknown,Unknown
R770707,Not in SAP,Not in SAP,R770707,M7707 Pump Skid ELD,No Data Sheet Available,2,LOD300,#NAME?,Unknown,Unknown,Unknown
XC770703A,Not in SAP,Not in SAP,XC770703A,M7707 Pump Skid ELD,No Data Sheet Available,2,LOD300,#NAME?,Unknown,Unknown,Unknown
XC770703B,Not in SAP,Not in SAP,XC770703B,M7707 Pump Skid ELD,No Data Sheet Available,2,LOD300,#NAME?,Unknown,Unknown,Unknown
BPV770708A,Not in SAP,Not in SAP,BPV770708A,M7707 Pump Skid ELD,BPV770708A,2,LOD300,#NAME?,Unknown,Unknown,Unknown
F7707A,Not in SAP,Not in SAP,F7707A,M7707 Pump Skid ELD,F7707A,2,LOD300,#NAME?,Unknown,Unknown,Unknown
HE7707A31,Not in SAP,Not in SAP,HE7707A31,M7707 Pump Skid ELD,No Data Sheet Available,2,LOD300,#NAME?,Unknown,Unknown,Unknown
HE7707A30,Not in SAP,Not in SAP,HE7707A30,M7707 Pump Skid ELD,No Data Sheet Available,2,LOD300,#NAME?,Unknown,Unknown,Unknown
BPV770708B,Not in SAP,Not in SAP,BPV770708B,M7707 Pump Skid ELD,BPV770708B,2,LOD300,#NAME?,Unknown,Unknown,Unknown
F7707B,Not in SAP,Not in SAP,F7707B,From Text,F7707B,2,LOD300,#NAME?,Unknown,Unknown,Unknown
FCV770711A,Not in SAP,Not in SAP,FCV770711A,M7707 Pump Skid ELD,FCV770711A,2,LOD300,#NAME?,Unknown,Unknown,Unknown
FCV770711B,Not in SAP,Not in SAP,FCV770711B,M7707 Pump Skid ELD,FCV770711B,2,LOD300,#NAME?,Unknown,Unknown,Unknown
R770807,Not in SAP,Not in SAP,R770807,M7708 Pump Skid ELD,No Data Sheet Available,2,LOD300,#NAME?,Unknown,Unknown,Unknown
XC770803A,Not in SAP,Not in SAP,XC770803A,M7708 Pump Skid ELD,No Data Sheet Available,2,LOD300,#NAME?,Unknown,Unknown,Unknown
XC770803B,Not in SAP,Not in SAP,XC770803B,M7708 Pump Skid ELD,No Data Sheet Available,2,LOD300,#NAME?,Unknown,Unknown,Unknown
BPV770808A,Not in SAP,Not in SAP,BPV770808A,M7708 Pump Skid ELD,BPV770808A,2,LOD300,#NAME?,Unknown,Unknown,Unknown
F7708A,Not in SAP,Not in SAP,F7708A,From Text,F7708A,2,LOD300,#NAME?,Unknown,Unknown,Unknown
HE7708A31,Not in SAP,Not in SAP,HE7708A31,M7708 Pump Skid ELD,No Data Sheet Available,2,LOD300,#NAME?,Unknown,Unknown,Unknown
HE7708A30,Not in SAP,Not in SAP,HE7708A30,M7708 Pump Skid ELD,No Data Sheet Available,2,LOD300,#NAME?,Unknown,Unknown,Unknown
BPV770808B,Not in SAP,Not in SAP,BPV770808B,M7708 Pump Skid ELD,BPV770808B,2,LOD300,#NAME?,Unknown,Unknown,Unknown
F7708B,Not in SAP,Not in SAP,F7708B,From Text,F7708B,2,LOD300,#NAME?,Unknown,Unknown,Unknown
FCV770811A,Not in SAP,Not in SAP,FCV770811A,M7708 Pump Skid ELD,FCV770811A,2,LOD300,#NAME?,Unknown,Unknown,Unknown
FCV770811B,Not in SAP,Not in SAP,FCV770811B,M7708 Pump Skid ELD,FCV770811B,2,LOD300,#NAME?,Unknown,Unknown,Unknown
FCV770815B,Not in SAP,Not in SAP,FCV770815B,M7708 Pump Skid ELD,FCV770815B,2,LOD300,#NAME?,Unknown,Unknown,Unknown
SIC7742278,Not in SAP,Not in SAP,SIC7742278,M7709 DP Pump Skid ELD,No Data Sheet Available,2,LOD300,#NAME?,Unknown,Unknown,Unknown
XC770901A,Not in SAP,Not in SAP,XC770901A,M7709 DP Pump Skid ELD,No Data Sheet Available,2,LOD300,#NAME?,Unknown,Unknown,Unknown
XDP770909A,Not in SAP,Not in SAP,XDP770909A,M7709 DP Pump Skid ELD,No Data Sheet Available,2,LOD300,#NAME?,Unknown,Unknown,Unknown
XCV770906A,Not in SAP,Not in SAP,XCV770906A,M7709 DP Pump Skid ELD,XCV770906A,2,LOD300,#NAME?,Unknown,Unknown,Unknown
XCV770905A,Not in SAP,Not in SAP,XCV770905A,M7709 DP Pump Skid ELD,XCV770905A,2,LOD300,#NAME?,Unknown,Unknown,Unknown
BPV770907A,Not in SAP,Not in SAP,BPV770907A,M7709 DP Pump Skid ELD,BPV770907A,2,LOD300,#NAME?,Unknown,Unknown,Unknown
FCV770910A,Not in SAP,Not in SAP,FCV770910A,M7709 DP Pump Skid ELD,No Data Sheet Available,2,LOD300,#NAME?,Unknown,Unknown,Unknown
SIC770902B,Not in SAP,Not in SAP,SIC770902B,M7709 DP Pump Skid ELD,No Data Sheet Available,2,LOD300,#NAME?,Unknown,Unknown,Unknown
XC770901B,Not in SAP,Not in SAP,XC770901B,M7709 DP Pump Skid ELD,No Data Sheet Available,2,LOD300,#NAME?,Unknown,Unknown,Unknown
P43322,Not in SAP,Not in SAP,P43322,M7709 DP Pump Skid ELD,No Data Sheet Available,2,LOD300,#NAME?,Unknown,Unknown,Unknown
XCV772025,Not in SAP,Not in SAP,XCV772025,M7720 Reactor Skid ELD,XCV772025,2,LOD300,#NAME?,Unknown,Unknown,Unknown
XCV772001,Not in SAP,Not in SAP,XCV772001,M7720 Reactor Skid ELD,XCV772001,2,LOD300,#NAME?,Unknown,Unknown,Unknown
BPV772004,Not in SAP,Not in SAP,BPV772004,M7720 Reactor Skid ELD,BPV772004,2,LOD300,#NAME?,Unknown,Unknown,Unknown
XCV772003,Not in SAP,Not in SAP,XCV772003,M7720 Reactor Skid ELD,XCV772003,2,LOD300,#NAME?,Unknown,Unknown,Unknown
BPV772008,Not in SAP,Not in SAP,BPV772008,M7720 Reactor Skid ELD,BPV772008,2,LOD300,#NAME?,Unknown,Unknown,Unknown
XCV772021,Not in SAP,Not in SAP,XCV772021,M7720 Reactor Skid ELD,XCV772021,2,LOD300,#NAME?,Unknown,Unknown,Unknown
XCV772007,Not in SAP,Not in SAP,XCV772007,M7720 Reactor Skid ELD,XCV772007,2,LOD300,#NAME?,Unknown,Unknown,Unknown
BPV772024,Not in SAP,Not in SAP,BPV772024,M7720 Reactor Skid ELD,BPV772024,2,LOD300,#NAME?,Unknown,Unknown,Unknown
HE7720B2.,Not in SAP,Not in SAP,HE7720B2.,M7720 Reactor Skid ELD,No Data Sheet Available,2,LOD300,#NAME?,Unknown,Unknown,Unknown
TI7715,Not in SAP,Not in SAP,TI7715,M7720 Reactor Skid ELD,No Data Sheet Available,2,LOD300,#NAME?,Unknown,Unknown,Unknown
XCV772005,Not in SAP,Not in SAP,XCV772005,M7720 Reactor Skid ELD,XCV772005,2,LOD300,#NAME?,Unknown,Unknown,Unknown
BPV772006,Not in SAP,Not in SAP,BPV772006,M7720 Reactor Skid ELD,BPV772006,2,LOD300,#NAME?,Unknown,Unknown,Unknown
BPV772102,Not in SAP,Not in SAP,BPV772102,M7721 Reactor Skid ELD ,BPV772102,2,LOD300,#NAME?,Unknown,Unknown,Unknown
XCV772101,Not in SAP,Not in SAP,XCV772101,M7721 Reactor Skid ELD ,XCV772101,2,LOD300,#NAME?,Unknown,Unknown,Unknown
BPV772104,Not in SAP,Not in SAP,BPV772104,M7721 Reactor Skid ELD ,BPV772104,2,LOD300,#NAME?,Unknown,Unknown,Unknown
XCV772103,Not in SAP,Not in SAP,XCV772103,M7721 Reactor Skid ELD ,XCV772103,2,LOD300,#NAME?,Unknown,Unknown,Unknown
BPV772108,Not in SAP,Not in SAP,BPV772108,M7721 Reactor Skid ELD ,BPV772108,2,LOD300,#NAME?,Unknown,Unknown,Unknown
XCV772107,Not in SAP,Not in SAP,XCV772107,M7721 Reactor Skid ELD ,XCV772107,2,LOD300,#NAME?,Unknown,Unknown,Unknown
BPV772124,Not in SAP,Not in SAP,BPV772124,M7721 Reactor Skid ELD ,BPV772124,2,LOD300,#NAME?,Unknown,Unknown,Unknown
XCV772121,Not in SAP,Not in SAP,XCV772121,M7721 Reactor Skid ELD ,XCV772121,2,LOD300,#NAME?,Unknown,Unknown,Unknown
BPV7743139,Not in SAP,Not in SAP,BPV7743139,M7722 RECEIVER Skid ELD,No Data Sheet Available,2,LOD300,#NAME?,Unknown,Unknown,Unknown
BPV772207,Not in SAP,Not in SAP,BPV772207,M7722 RECEIVER Skid ELD,BPV772207,2,LOD300,#NAME?,Unknown,Unknown,Unknown
TX7750,Not in SAP,Not in SAP,TX7750,M7722 RECEIVER Skid ELD,No Data Sheet Available,2,LOD300,#NAME?,Unknown,Unknown,Unknown
P2202,Not in SAP,Not in SAP,P2202,M7722 RECEIVER Skid ELD,No Data Sheet Available,2,LOD300,#NAME?,Unknown,Unknown,Unknown
PRV775030,Not in SAP,Not in SAP,PRV775030,M7750 WFE Skid ELD,No Data Sheet Available,2,LOD300,#NAME?,Unknown,Unknown,Unknown
XCV775023,Not in SAP,Not in SAP,XCV775023,M7750 WFE Skid ELD,XCV775023,2,LOD300,#NAME?,Unknown,Unknown,Unknown
XCV775009,Not in SAP,Not in SAP,XCV775009,M7750 WFE Skid ELD,XCV775009,2,LOD300,#NAME?,Unknown,Unknown,Unknown
XCV775029,Not in SAP,Not in SAP,XCV775029,M7750 WFE Skid ELD,No Data Sheet Available,2,LOD300,#NAME?,Unknown,Unknown,Unknown
PI775029,Not in SAP,Not in SAP,PI775029,M7750 WFE Skid ELD,PI775029,2,LOD300,#NAME?,Unknown,Unknown,Unknown
LSL775004,Not in SAP,Not in SAP,LAL775004,M7750 WFE Skid ELD,No Data Sheet Available,2,LOD300,#NAME?,Unknown,Unknown,Unknown
XC775005,Not in SAP,Not in SAP,XC775005,M7750 WFE Skid ELD,No Data Sheet Available,2,LOD300,#NAME?,Unknown,Unknown,Unknown
ZI775012,Not in SAP,Not in SAP,ZI775012,M7750 WFE Skid ELD,No Data Sheet Available,2,LOD300,#NAME?,Unknown,Unknown,Unknown
BPV775012,Not in SAP,Not in SAP,BPV775012,M7750 WFE Skid ELD,No Data Sheet Available,2,LOD300,#NAME?,Unknown,Unknown,Unknown
BPV775003,Not in SAP,Not in SAP,BPV775003,M7750 WFE Skid ELD,BPV775003,2,LOD300,#NAME?,Unknown,Unknown,Unknown
XCV775022,Not in SAP,Not in SAP,XCV775022,M7750 WFE Skid ELD,XCV775022,2,LOD300,#NAME?,Unknown,Unknown,Unknown
TCV7720/15,Not in SAP,Not in SAP,TCV7720/15,M7750 WFE Skid ELD,No Data Sheet Available,2,LOD300,#NAME?,Unknown,Unknown,Unknown
TCV775010,Not in SAP,Not in SAP,TCV775010,M7750 WFE Skid ELD,TCV775010,2,LOD300,#NAME?,Unknown,Unknown,Unknown
LX7710,Not in SAP,Not in SAP,LX7710,M7750 WFE Skid ELD,No Data Sheet Available,2,LOD300,#NAME?,Unknown,Unknown,Unknown
HE7706C,Not in SAP,Not in SAP,HE7706C,M7750 WFE Skid ELD,No Data Sheet Available,2,LOD300,#NAME?,Unknown,Unknown,Unknown
FX775015,Not in SAP,Not in SAP,FX775015,M7750 WFE Skid ELD,No Data Sheet Available,2,LOD300,#NAME?,Unknown,Unknown,Unknown
PRV775028,Not in SAP,Not in SAP,PRV775028,M7750 WFE Skid ELD,No Data Sheet Available,2,LOD300,#NAME?,Unknown,Unknown,Unknown
P5028,Not in SAP,Not in SAP,P5028,M7750 WFE Skid ELD,No Data Sheet Available,2,LOD300,#NAME?,Unknown,Unknown,Unknown
FCV777007,Not in SAP,Not in SAP,FCV777007,M7770 Feed Splitter Skid  ELD,FCV777007,2,LOD300,#NAME?,Unknown,Unknown,Unknown
FCV777008,Not in SAP,Not in SAP,FCV777008,M7770 Feed Splitter Skid  ELD,FCV777008,2,LOD300,#NAME?,Unknown,Unknown,Unknown
SD7709A,Not in SAP,Not in SAP,SD7709A,From Text,SD7709A,2,LOD300,#NAME?,Unknown,Unknown,Unknown
SD7720A,Not in SAP,Not in SAP,SD7720A,From Text,SD7720A,2,LOD300,#NAME?,Unknown,Unknown,Unknown
SD7720B,Not in SAP,Not in SAP,SD7720B,From Text,SD7720B,2,LOD300,#NAME?,Unknown,Unknown,Unknown
SD7721A,Not in SAP,Not in SAP,SD7721A,From Text,SD7721A,2,LOD300,#NAME?,Unknown,Unknown,Unknown
SD7721B,Not in SAP,Not in SAP,SD7721B,From Text,SD7721B,2,LOD300,#NAME?,Unknown,Unknown,Unknown
HE7750C,Not in SAP,Not in SAP,HE7750C,From Text,HE7750C,2,LOD300,#NAME?,Unknown,Unknown,Unknown
